8522;8962
8522;5777
8522;8985
8522;8457
8522;8539
8522;8312
8522;8314
8522;8299
8522;8303
8522;8306
8522;8322
8522;8961
8522;8960
8522;10393
8457;8530
8457;8562
8457;8527
8457;8529
8457;8563
8457;8555
8457;3110
8457;8949
8457;8573
8457;8574
8457;8432
8457;1792
8457;8942
8457;8944
8457;8946
8457;8945
8457;8957
8457;8959
8457;8958
8985;8557
8985;8534
8985;8535
8985;8553
8985;8537
8985;8552
8985;8551
8985;8401
8985;6045
8985;8514
8985;8941
8985;8939
8985;8936
8985;8580
8985;8581
8985;8565
8985;8296
8985;8948
8985;8955
8985;8954
8985;8953
8985;5985
8962;8547
8962;8544
8962;8541
8962;8525
8962;8965
8962;6521
8962;8568
8962;8571
8962;8937
8962;8938
8962;1891
8962;8951
8962;8947
8962;7064
8962;1239
5777;8532
5777;8531
5777;8518
5777;8579
5777;8576
5777;10346
5777;8943
5777;10349
5777;8952
5777;8956
5777;10390
5777;10017
